SYMBOL,ISIN
20MICRONS,INE144J01027
360ONE,INE466L01038
3MINDIA,INE470A01017
5PAISA,INE618L01018
63MOONS,INE111B01023
AADHARHFC,INE883F01010
AARTIDRUGS,INE767A01016
AARTIIND,INE769A01020
AARTIPHARM,INE0LRU01027
AAVAS,INE216P01012
AFSL,INE00ZE01026
ACC,INE012A01025
ACCELYA,INE793A01012
ACMESOLAR,INE622W01025
ACE,INE731H01025
ADANIENSOL,INE931S01010
ADANIENT,INE423A01024
ADANIGREEN,INE364U01010
ADANIPORTS,INE742F01042
ADANIPOWER,INE814H01029
ATGL,INE399L01023
ADFFOODS,INE982B01027
ABCAPITAL,INE674K01013
BIRLAMONEY,INE865C01022
ABREL,INE055A01016
ABSLAMC,INE404A01024
AVL,INE679V01027
ADOR,INE045A01017
ADVENZYMES,INE837H01020
AEGISLOG,INE208C01025
AEROFLEX,INE024001021
AETHER,INE0BWX01014
AFCONS,INE101I01011
AFFLE,INE00WC01027
AFFORDABLE,INE692Z01013
AGARIND,INE204E01012
AGI,INE415A01038
AGIIL,INE976R01033
AHLUCONT,INE758C01029
AIAENG,INE212H01026
AJANTPHARM,INE031B01049
AJAXENGG,INE274Y01021
AJMERA,INE298G01035
AKSHARCHEM,INE542B01011
AKUMS,INE09XN01023
AKZOINDIA,INE133A01011
ALBERTDAVD,INE155C01010
ALEMBICLTD,INE426A01027
APLLTD,INE901L01018
ALICON,INE062D01024
ALIVUS,INE03Q201024
ALKEM,INE540L01014
ALKYLAMINE,INE150B01039
ALLDIGI,INE835G01018
ABDL,INE552Z01027
ADSL,INE102I01027
ALPHAGEO,INE137C01018
ARE&M,INE885A01032
AMBER,INE371P01015
AMBIKCO,INE540G01014
AMBUJACEM,INE079A01024
AMNPLST,INE275D01022
AMRUTANJAN,INE098F01031
ANANDRATHI,INE463V01026
ANANTRAJ,INE242C01024
ANGELONE,INE732I01013
APCL,INE071F01012
AWHCL,INE01BK01022
ANUHPHR,INE489G01022
ANURAS,INE930P01018
APARINDS,INE372A01015
APCOTEXIND,INE116A01032
PARKHOTELS,INE988S01028
APEX,INE346W01013
APLAPOLLO,INE702C01027
APOLLOHOSP,INE437A01024
APOLLO,INE713T01028
APOLLOPIPE,INE126J01016
APOLLOTYRE,INE438A01022
APTUS,INE852O01025
ACI,INE128X01021
ARCHIDPLY,INE877I01016
ARIES,INE298I01015
ARIHANTSUP,INE643K01018
ARKADE,INE0QRL01017
ARMANFIN,INE109C01017
ARTEMISMED,INE025R01021
ARVINDFASN,INE955V01021
ARVIND,INE034A01011
ARVSMART,INE034S01021
ASAHIINDIA,INE439A01020
ASHAPURMIN,INE348A01023
ASHIANA,INE365D01021
ASHOKLEY,INE208A01029
ASHOKA,INE442H01029
ASIANENE,INE276G01015
AHLEAST,INE926K01017
ASIANPAINT,INE021A01026
ASKAUTOLTD,INE491J01022
ASALCBR,INE073G01016
ASTEC,INE563J01010
ASTERDM,INE914M01019
ASTRAMICRO,INE386C01029
ASTRAL,INE006I01046
ASTRAZEN,INE203A01020
ATHERENERG,INE0LEZ01016
ATULAUTO,INE951D01028
ATUL,INE100A01010
AUBANK,INE949L01017
AURIONPRO,INE132H01018
AUROPHARMA,INE406A01037
AURUM,INE898S01029
AUSOMENT,INE218C01016
AIIL,INE206F01022
AUTOAXLES,INE449A01011
ASAL,INE900C01027
AVADHSUGAR,INE349W01017
AVALON,INE0LCL01028
AVANTEL,INE005B01027
AVANTIFEED,INE871C01038
DMART,INE192R01011
AVG,INE680Z01018
AVROIND,INE652Z01017
AWFIS,INE108V01019
AWL,INE699H01024
AXISBANK,INE238A01034
AYMSYNTEX,INE193B01039
AZAD,INE02IJ01035
BBTCL,INE01EE01011
STYLEBAAZA,INE01FR01028
BAJAJ-AUTO,INE917I01010
BAJAJCON,INE933K01021
BAJAJELEC,INE193E01025
BAJFINANCE,INE296A01032
BAJAJFINSV,INE918I01026
BAJAJHCARE,INE411U01027
BAJAJHLDNG,INE118A01012
BAJAJHFL,INE377Y01014
BAJEL,INE0KQN01018
BALAMINES,INE050E01027
BALKRISIND,INE787D01026
BALMLAWRIE,INE164A01016
BALRAMCHIN,INE119A01028
BALUFORGE,INE011E01029
BANARBEADS,INE655B01011
BANCOINDIA,INE213C01025
BANDHANBNK,INE545U01014
BANKBARODA,INE028A01039
BANKINDIA,INE084A01016
BANARISUG,INE459A01010
BANSALWIRE,INE0B9K01025
BASF,INE373A01013
BATAINDIA,INE176A01028
BAYERCROP,INE462A01022
BEDMUTHA,INE844K01012
BLAL,INE0N7W01012
BEML,INE258A01024
BERGEPAINT,INE463A01038
BFINVEST,INE878K01010
BHAGERIA,INE354C01027
BHAGCHEM,INE414D01027
BEPL,INE922A01025
BBL,INE464A01036
BDL,INE171Z01026
BEL,INE263A01024
BHARATFORG,INE465A01025
BHEL,INE257A01026
BPCL,INE029A01011
BHARATRAS,INE838B01021
BHARATWIRE,INE316L01019
BHARTIARTL,INE397D01024
BHARTIHEXA,INE343G01021
BIKAJI,INE00E101023
BIOCON,INE376G01013
BIRLACABLE,INE800A01015
BIRLACORPN,INE340A01012
BIRLANU,INE557A01011
BSOFT,INE836A01035
BBOX,INE676A01027
BLISSGVS,INE416D01022
BLSE,INE0NLT01010
BLS,INE153T01027
BLUEDART,INE233B01017
BLUEJET,INE0KBH01020
BLUESTARCO,INE472A01039
BBTC,INE050A01025
BOMDYEING,INE032A01023
BOROLTD,INE02PY01013
BORORENEW,INE666D01022
BOROSCI,INE02L001032
BOSCHLTD,INE323A01026
FIRSTCRY,INE02RE01045
BCONCEPTS,INE977Y01011
BRIGADE,INE791I01019
BRITANNIA,INE216A01030
BUTTERFLY,INE295F01017
MAPMYINDIA,INE0BV301023
CAMLINFINE,INE052I01032
CAMPUS,INE278Y01022
CANFINHOME,INE477A01020
CANBK,INE476A01022
CANTABIL,INE068L01024
CAPACITE,INE264T01014
CAPITALSFB,INE646H01017
CAPLIPOINT,INE475E01026
CGCL,INE180C01042
CARBORUNIV,INE120A01034
CARERATING,INE752H01013
CARRARO,INE0V7W01012
CARTRADE,INE290S01011
CARYSIL,INE482D01024
CASTROLIND,INE172A01027
CCL,INE421D01022
CEATLTD,INE482A01020
CEIGALL,INE0AG901020
CELLO,INE0LMW01024
CENTUM,INE320B01020
CENTENKA,INE485A01015
CENTURYPLY,INE348B01021
CERA,INE739E01017
CESC,INE486A01021
CGPOWER,INE067A01029
CHALET,INE427F01016
CLSEL,INE419D01026
CHAMBLFERT,INE085A01013
CHEMCON,INE03YM01018
CHEMFAB,INE783X01023
CHEMPLASTS,INE488A01050
CHENNPETRO,INE178A01016
CHEVIOT,INE974B01016
CHOICEIN,INE102B01014
CHOLAHLDNG,INE149A01033
CHOLAFIN,INE121A01024
CIEINDIA,INE536H01010
CIGNITITEC,INE675C01017
CIPLA,INE059A01026
CUB,INE491A01021
CLEAN,INE227W01023
CMSINFO,INE925R01014
COALINDIA,INE522F01014
COCHINSHIP,INE704P01025
COFORGE,INE591G01025
COHANCE,INE03QK01018
COLPAL,INE259A01022
CAMS,INE596I01020
CONCORDBIO,INE338H01029
CEWATER,INE037Z01029
CONCOR,INE111A01025
CONTROLPR,INE663B01015
CORDSCABLE,INE792I01017
COROMANDEL,INE169A01031
COSMOFIRST,INE757A01017
CPCAP,INE521J01018
CRAFTSMAN,INE00LO01017
CREDITACC,INE741K01010
MUFTI,INE220Q01020
CREST,INE559D01011
CRISIL,INE007A01025
CROMPTON,INE299U01018
CSBBANK,INE679A01013
CSLFINANCE,INE718F01018
CUBEXTUB,INE144D01012
CUMMINSIND,INE298A01020
CYIENTDLM,INE055S01018
CYIENT,INE136B01020
DLINKINDIA,INE250K01012
DBCORP,INE950I01011
DPABHUSHAN,INE266Y01019
DPWIRES,INE864X01013
DABUR,INE016A01026
DALBHARAT,INE00R701025
DALMIASUG,INE495A01022
DAMCAPITAL,INE284H01025
DATAPATTNS,INE0IX101010
DATAMATICS,INE365B01017
DCI,INE0A1101019
DCBBANK,INE503A01015
DCM,INE498A01018
DCMNVL,INE08KP01019
DCMSHRIRAM,INE499A01024
DCXINDIA,INE0KL801015
DDEVPLSTIK,INE0HR601026
DENORA,INE244A01016
DECCANCE,INE583C01021
DEEDEV,INE841L01016
DEEPINDS,INE0FHS01024
DBEIL,INE0OPA01019
DEEPAKFERT,INE501A01019
DEEPAKNTR,INE288B01029
DELHIVERY,INE148O01028
DELTAMAGNT,INE393A01011
DENTA,INE0R4L01018
DEVIT,INE060X01034
DEVYANI,INE872J01023
DHAMPURSUG,INE041A01016
DHANUKA,INE435G01025
DHUNINV,INE320L01011
DTIL,INE341R01014
DVL,INE477B01010
DIAMINESQ,INE591D01014
DIACABS,INE989C01038
DICIND,INE303A01010
DIFFNKG,INE184O01015
DBL,INE917M01012
DCAL,INE385W01011
DIVGIITTS,INE753U01022
DIVISLAB,INE361B01024
DIXON,INE935N01020
DJML,INE0B1K01014
DLF,INE271C01023
DMCC,INE505A01010
DODLA,INE021O01019
DOLATALGO,INE966A01022
DOLLAR,INE325C01035
DOLPHIN,INE920A01037
DOMS,INE321T01012
DONEAR,INE668D01028
DRREDDY,INE089A01031
AGARWALEYE,INE943P01029
LALPATHLAB,INE600L01024
DREAMFOLKS,INE0JS101016
DREDGECORP,INE506A01018
DSSL,INE417B01040
DYNAMATECH,INE221B01012
DYCL,INE600Y01019
DYNPRO,INE256H01015
ECLERX,INE738I01010
ECOSMOBLTY,INE06HJ01020
EDELWEISS,INE532F01054
EICHERMOT,INE066A01021
EIDPARRY,INE126A01031
EIHAHOTELS,INE276C01014
EIHOTEL,INE230A01023
EIMCOELECO,INE158B01016
ELDEHSG,INE668G01021
ELECON,INE205B01031
EMIL,INE02YR01019
ELECTCAST,INE086A01029
ELECTHERM,INE822G01016
ELGIEQUIP,INE285A01027
EMAMILTD,INE548C01032
EMCURE,INE168P01015
EMMBI,INE753K01015
EMSLIMITED,INE0OV601013
EMUDHRA,INE01QM01018
ENDURANCE,INE913H01037
ENGINERSIN,INE510A01028
ENTERO,INE010601016
ENIL,INE265F01028
EIEL,INE0LLY01014
EPACK,INE0G5901015
EPIGRAL,INE071N01016
EPL,INE255A01020
ERIS,INE406M01024
ESABINDIA,INE284A01012
ESCORTS,INE042A01014
ESTER,INE778B01029
ETERNAL,INE758T01015
ETHOSLTD,INE04TZ01018
EUREKAFORB,INE0KCE01017
EVEREADY,INE128A01029
EKC,INE184H01027
EXCELINDUS,INE369A01029
EXICOM,INE777F01014
EXIDEIND,INE302A01020
EXPLEOSOL,INE201K01015
FAIRCHEMOR,INE0DNW01011
FAZE3Q,INE963C01033
FDC,INE258B01022
FEDFINA,INE007N01010
FEDERALBNK,INE171A01029
FMGOETZE,INE529A01010
FACT,INE188A01015
FIEMIND,INE737H01014
FINEORG,INE686Y01026
FCL,INE045J01034
FINOPB,INE02NC01014
FINCABLES,INE235A01022
FINPIPE,INE183A01024
FSL,INE684F01012
FIVESTAR,INE128S01021
FLAIR,INE00Y201027
FORCEMOT,INE451A01017
FORTIS,INE061F01013
FOSECOIND,INE519A01011
NYKAA,INE388Y01029
FUSION,INE139R01012
GNA,INE934S01014
GRINFRA,INE201P01022
GABRIEL,INE524A01029
GAIL,INE129A01019
GALAPREC,INE0RE001014
GALAXYSURF,INE600K01018
GALLANTT,INE297H01019
GANDHAR,INE717W01049
GANDHITUBE,INE524B01027
GANESHBE,INE388A01029
GANECOS,INE845D01014
GANGESSECU,INE335W01016
GRSE,INE382Z01011
GARUDA,INE0JVO01026
GRWRHITECH,INE291A01017
GARFIBRES,INE276A01018
GEECEE,INE916G01016
GICRE,INE481Y01014
GENESYS,INE727B01026
GENUSPOWER,INE955D01029
GHCL,INE539A01019
GICHSGFIN,INE289B01019
GILLANDERS,INE047B01011
GILLETTE,INE322A01010
GLAND,INE068V01023
GLAXO,INE159A01016
GLENMARK,INE935A01035
MEDANTA,INE474Q01031
GLOBALVECT,INE792H01019
GLOBUSSPR,INE615I01010
GLOSTERLTD,INE350Z01018
GMBREW,INE075D01018
GMMPFAUDLR,INE541A01023
GMRP&UI,INE0CU601026
GODIGIT,INE03JT01014
GOCOLORS,INE0BJS01011
GOACARBON,INE426D01013
GOCLCORP,INE077F01035
GODAVARIB,INE497S01012
GPIL,INE177H01039
GODFRYPHLP,INE260B01028
GODREJAGRO,INE850D01014
GODREJCP,INE102D01028
GODREJIND,INE233A01035
GODREJPROP,INE484J01027
GOKEX,INE887G01027
GOKULAGRO,INE314T01033
GOLDIAM,INE025B01025
GOODLUCK,INE127I01024
GOPAL,INE0L9R01028
GPTHEALTH,INE486R01017
GPTINFRA,INE390G01014
GRANULES,INE101D01020
GRAPHITE,INE371A01025
GRASIM,INE047A01021
GRAVITA,INE024L01027
GESHIP,INE017A01032
GREAVESCOT,INE224A01026
GREENLAM,INE544R01021
GREENPANEL,INE08ZM01014
GREENPLY,INE461C01038
GRINDWELL,INE536A01023
GRMOVER,INE192H01020
GRPLTD,INE137I01015
GTPL,INE869I01013
GUFICBIO,INE742B01025
GUJALKALI,INE186A01019
GAEL,INE036B01030
GUJAPOLLO,INE826C01016
FLUOROCHEM,INE09N301011
GUJGASLTD,INE844O01030
GIPCL,INE162A01010
GMDCLTD,INE131A01031
GNFC,INE113A01013
GPPL,INE517F01014
GSFC,INE026A01025
GSPL,INE246F01010
GUJTHEM,INE942C01045
GULFOILLUB,INE635Q01029
GULPOLY,INE255D01024
HGINFRA,INE926X01010
HAPPSTMNDS,INE419U01012
HAPPYFORGE,INE330T01021
HARIOMPIPE,INE00EV01017
HARRMALAYA,INE544A01019
HARSHA,INE0JUS01029
HATSUN,INE473B01035
HAVELLS,INE176B01034
HBLENGINE,INE292B01021
HCLTECH,INE860A01027
HDFCAMC,INE127D01025
HDFCBANK,INE040A01034
HDFCLIFE,INE795G01014
HCG,INE075I01017
HEG,INE545A01024
HEIDELBERG,INE578A01017
HEMIPROP,INE0AJG01018
HERITGFOOD,INE978A01027
HEROMOTOCO,INE158A01026
HESTERBIO,INE782E01017
HEXATRADEX,INE750M01017
HEXT,INE093A01041
HIKAL,INE475B01022
HSCL,INE019C01026
HIMATSEIDE,INE049A01027
HIRECT,INE835D01023
HINDALCO,INE038A01020
HPIL,INE05X901010
HGS,INE170I01016
HAL,INE066F01020
HINDCOMPOS,INE310C01029
HINDCOPPER,INE531E01026
HNDFDS,INE254N01026
HINDOILEXP,INE345A01011
HINDPETRO,INE094A01015
HINDUNILVR,INE030A01027
HINDZINC,INE267A01025
HINDWAREAP,INE05AN01011
HISARMETAL,INE598C01011
POWERINDIA,INE07Y701011
HITECHCORP,INE120D01012
HLEGLAS,INE461D01028
HOMEFIRST,INE481N01025
HONASA,INE0J5401028
HONDAPOWER,INE634A01018
HONAUT,INE671A01010
HUDCO,INE031A01017
HPL,INE495S01016
HUBTOWN,INE703H01016
HUHTAMAKI,INE275B01026
HYUNDAI,INE0V6F01027
ICICIBANK,INE090A01021
ICICIGI,INE765G01017
ICICIPRULI,INE726G01019
ICRA,INE725G01011
IDEAFORGE,INE349Y01013
IFBIND,INE559A01017
IFGLEXPOR,INE133Y01011
IGPL,INE204A01010
IGARASHI,INE188B01013
IIFLCAPS,INE489L01022
IIFL,INE530B01024
IKIO,INE0LOJ01019
BAJAJINDEF,INE0O9T01021
INDGN,INE065X01017
INDIACEM,INE383A01012
INDIAGLYCO,INE560A01023
IMPAL,INE547E01014
INDNIPPON,INE092B01025
IPL,INE0D6701023
INDIASHLTR,INE922K01024
ITDC,INE353K01014
INDIAMART,INE933S01016
INDIANB,INE562A01011
INDIANCARD,INE061A01014
IEX,INE022Q01020
INDHOTEL,INE053A01029
INDIANHUME,INE323C01030
IMFA,INE919H01018
IOC,INE242A01010
IRCTC,INE335Y01020
IRFC,INE053F01010
IREDA,INE202E01016
INDIGOPNTS,INE09VQ01012
INDOAMIN,INE760F01028
INDOBORAX,INE803D01021
ICIL,INE483B01026
NIPPOBATRY,INE567A01028
INDOTECH,INE332H01014
INDOUS,INE250Z01010
INDOCO,INE873D01024
INDOSTAR,INE896L01010
IGL,INE203G01027
INDRAMEDCO,INE681B01017
INDUSTOWER,INE121J01017
INDUSINDBK,INE095A01012
NAUKRI,INE663F01032
INFOBEAN,INE344S01016
INFY,INE009A01021
INGERRAND,INE177A01018
INNOVACAP,INE0DUT01020
INNOVANA,INE403Y01018
INOXGREEN,INE510W01014
INOXINDIA,INE616N01034
INOXWIND,INE066P01011
INSECTICID,INE070I01018
INSPIRISYS,INE020G01017
INTELLECT,INE306R01017
INTERARCH,INE00M901018
INDIGO,INE646L01027
IGIL,INE0Q9301021
ISFT,INE566K01011
IKS,INE115Q01022
IONEXCHANG,INE570A01022
IPCALAB,INE571A01038
IRCON,INE962Y01021
IRMENERGY,INE07U701015
ISGEC,INE858B01029
ITCHOTELS,INE379A01028
ITC,INE154A01025
ITI,INE248A01017
IVP,INE043C01018
JKIL,INE576I01022
JGCHEM,INE0MB501011
JAGSNPHARM,INE048B01035
JAIBALAJI,INE091G01026
JAICORPLTD,INE070D01027
J&KBANK,INE168A01041
JSFB,INE953L01027
JASH,INE039O01029
JAYSREETEA,INE364A01020
JAYAGROGN,INE785A01026
JBCHEPHARM,INE572A01036
JBMA,INE927D01051
JINDRILL,INE742C01031
JINDALPOLY,INE197D01010
JPOLYINVST,INE147P01019
JINDALSAW,INE324A01032
JSL,INE220G01021
JINDALSTEL,INE749A01030
JIOFIN,INE758E01017
JKCEMENT,INE823G01014
JKLAKSHMI,INE786A01032
JKPAPER,INE789E01012
JKTYRE,INE573A01042
JMFINANCIL,INE780C01023
JNKINDIA,INE0OAF01028
JSWENERGY,INE121E01018
JSWINFRA,INE880J01026
JSWSTEEL,INE019A01038
JTEKTINDIA,INE643A01035
JUBLCPL,INE03CC01015
JUBLFOOD,INE797F01020
JUBLINGREA,INE0BY001018
JUBLPHARMA,INE700A01033
JUNIPER,INE696F01016
JLHL,INE682M01012
JWL,INE209L01016
JUSTDIAL,INE599M01018
JYOTHYLAB,INE668F01031
JYOTICNC,INE980O01024
KPEL,INE127T01021
KPRMILL,INE930H01031
KAJARIACER,INE217B01036
KAKATCEM,INE437B01014
KPIL,INE220B01022
KALYANKJIL,INE303R01014
KICL,INE029L01018
KSL,INE907A01026
KAMATHOTEL,INE967C01018
KANSAINER,INE531A01024
KTKBANK,INE614B01018
KARURVYSYA,INE036D01028
KAUSHALYA,INE234I01028
KSCL,INE455I01029
KAYNES,INE918Z01012
KCP,INE805C01028
KDDL,INE291D01011
KEC,INE389H01022
KEI,INE878B01027
KELLTONTEC,INE164B01030
KERNEX,INE202H01019
KKCL,INE401H01017
RUSTOMJEE,INE263M01029
KFINTECH,INE138Y01010
KINGFA,INE473D01015
KIOCL,INE880L01014
KIRIINDUS,INE415I01015
KIRLOSBROS,INE732A01036
KECL,INE134B01017
KIRLOSIND,INE250A01039
KIRLOSENG,INE146L01010
KMEW,INE0CJD01029
KNRCON,INE634I01029
KOKUYOCMLN,INE760A01029
KOLTEPATIL,INE094I01018
KOPRAN,INE082A01010
KOTAKBANK,INE237A01036
KPIGREEN,INE542W01025
KPITTECH,INE04I401011
KRBL,INE001B01026
KREBSBIO,INE268B01013
KIMS,INE967H01025
KRITI,INE479D01038
KRITINUT,INE798K01010
KRN,INE0Q3J01015
KRONOX,INE0ATZ01017
KROSS,INE0O6601022
KRSNAA,INE08LI01020
KSB,INE999A01023
KSOLVES,INE0D6I01023
KUANTUM,INE529I01021
LTF,INE498L01015
LTTS,INE010V01017
LAOPALA,INE059D01020
LAMBODHARA,INE112F01022
LANDMARK,INE559R01029
LT,INE018A01030
LATENTVIEW,INE0I7C01011
LAURUSLABS,INE947Q01028
LAXMIDENTL,INE0WO601020
LXCHEM,INE576O01020
IXIGO,INE0HV901016
LEMONTREE,INE970X01018
LGBBROSLTD,INE337A01034
LIBERTSHOE,INE557B01019
LICHSGFIN,INE115A01026
LICI,INE0J1Y01017
LIKHITHA,INE060901027
LINC,INE802B01027
LINCOLN,INE405C01035
LINDEINDIA,INE473A01011
LLOYDSME,INE281B01032
LMW,INE269B01029
LORDSCHLO,INE846D01012
LTFOODS,INE818H01020
LTIM,INE214T01019
LUMAXTECH,INE872H01027
LUMAXIND,INE162B01018
LUPIN,INE326A01037
LUXIND,INE150G01020
LYKALABS,INE933A01014
LODHA,INE670K01029
MAGADSUGAR,INE347W01011
MAHAPEXLTD,INE843B01013
MHLXMIRU,INE112D01035
MGL,INE002S01010
MAHSCOOTER,INE288A01013
MAHSEAMLES,INE271B01025
M&MFIN,INE774D01024
M&M,INE101A01026
MAHEPC,INE215D01010
MHRIL,INE998I01010
MAHLIFE,INE813A01018
MAHLOG,INE766P01016
MAITHANALL,INE683C01011
MALLCOM,INE389C01015
MAMATA,INE0TO701015
MANINDS,INE993A01026
MANINFRA,INE949H01023
MANAKCOAT,INE830Q01018
MANAPPURAM,INE522D01027
MANBA,INE939X01013
MANCREDIT,INE545L01039
MANGLMCEM,INE347A01017
MRPL,INE103A01014
MANKIND,INE634S01028
MVGJL,INE0KNT01012
MANORAMA,INE00VM01036
MARATHON,INE182D01020
MARICO,INE196A01026
MARKSANS,INE750C01026
MARUTI,INE585B01010
MASFIN,INE348L01012
MASTEK,INE759A01021
MASTERTR,INE677D01037
MATRIMONY,INE866R01028
MAWANASUG,INE636A01039
MAXESTATES,INE03EI01018
MFSL,INE180A01020
MAXHEALTH,INE027H01010
MAXIND,INE0CG601016
MAYURUNIQ,INE040D01038
MAZDOCK,INE249Z01020
MAZDA,INE885E01042
MEDIASSIST,INE456Z01021
MEDICAMEQ,INE646B01010
MEDPLUS,INE804L01022
MENONBE,INE071D01033
METROBRAND,INE317I01021
METROPOLIS,INE112L01020
MINDACORP,INE842C01021
MINDTECK,INE110B01017
MIDHANI,INE099Z01011
MMFL,INE227C01017
MODISONLTD,INE737D01021
MOIL,INE490G01020
MOLDTKPAC,INE893J01029
MOLDTECH,INE835B01035
MONARCH,INE903D01011
MONTECARLO,INE950M01013
MOSCHIP,INE935B01025
MOTILALOFS,INE338I01027
MPHASIS,INE356A01018
MPSLTD,INE943D01017
BECTORFOOD,INE495P01020
MSTCLTD,INE255X01014
MTARTECH,INE864I01014
MUKANDLTD,INE304A01026
MCX,INE745G01043
MUNJALSHOW,INE577A01027
MUTHOOTCAP,INE296G01013
MUTHOOTFIN,INE414G01012
MUTHOOTMF,INE046W01019
NAHARCAP,INE049I01012
NAHARINDUS,INE289A01011
NAHARSPING,INE290A01027
NSIL,INE023A01030
NH,INE410P01011
NATCOPHARM,INE987B01026
NATHBIOGEN,INE448G01010
NATIONALUM,INE139A01034
NFL,INE870D01012
NATCAPSUQ,INE936B01015
NAVA,INE725A01030
NAVINFLUOR,INE048G01026
NAVKARCORP,INE278M01019
NAVNETEDUL,INE060A01024
NAZARA,INE418L01047
NBCC,INE095N01031
NCC,INE868B01028
NCLIND,INE732C01016
NDRAUTO,INE07OG01012
NELCAST,INE189I01024
NELCO,INE045B01015
NEOGEN,INE136S01016
NESCO,INE317F01035
NESTLEIND,INE239A01024
NETWEB,INE0NT901020
NPST,INE0FFK01017
NEULANDLAB,INE794A01010
NDTV,INE155G01029
NEWGEN,INE619B01017
NHPC,INE848E01016
NIBE,INE149O01018
NIITMTS,INE342G01023
NIITLTD,INE161A01038
NILKAMAL,INE310A01015
NINSYS,INE395U01014
NAM-INDIA,INE298J01013
NITCO,INE858F01012
NITINSPIN,INE229H01012
NLCINDIA,INE589A01014
NOCIL,INE163A01018
NORTHARC,INE850M01015
NRAIL,INE740D01017
NRBBEARING,INE349A01021
NTPCGREEN,INE0ONG01011
NTPC,INE733E01010
NUCLEUS,INE096B01018
NUVAMA,INE531F01023
NUVOCO,INE118D01016
OBEROIRLTY,INE093I01010
ONGC,INE213A01029
OIL,INE274J01014
OLECTRA,INE260D01016
OMINFRAL,INE239D01028
PAYTM,INE982J01020
MOBIKWIK,INE0HLU01028
ONESOURCE,INE013P01021
ONWARDTEC,INE229A01017
OPTIEMUS,INE350C01017
OFSS,INE881D01027
ORBTEXP,INE231G01010
ORCHPHARMA,INE191A01027
ORIENTBELL,INE607D01018
ORIENTCEM,INE876N01018
ORIENTELEC,INE142Z01019
ORIENTTECH,INE0PPK01015
OAL,INE959C01023
ORIENTHOT,INE750A01020
ORISSAMINE,INE725E01024
PNGJL,INE953R01016
PAGEIND,INE761H01022
PAKKA,INE551D01018
PALASHSECU,INE471W01019
PANACEABIO,INE922B01023
PANAMAPET,INE305C01029
PARADEEP,INE088F01024
PARAGMILK,INE883N01014
PARAS,INE045601023
PATANJALI,INE619A01035
PAVNAIND,INE07S101038
POLICYBZR,INE417T01026
PCBL,INE602A01031
PDSL,INE111Q01021
PGIL,INE940H01022
PENIND,INE932A01024
PERSISTENT,INE262H01021
PETRONET,INE347G01014
PFIZER,INE182A01018
PGEL,INE457L01029
PIIND,INE603J01030
PIDILITIND,INE318A01026
PILANIINVS,INE417C01014
PPLPHARMA,INE0DK501011
PITTIENG,INE450D01021
PIXTRANS,INE751B01018
PLASTIBLEN,INE083C01022
PLATIND,INE0PT501018
PNBHOUSING,INE572E01012
PNCINFRA,INE195J01029
PODDARMENT,INE371C01013
POKARNA,INE637C01025
POLYMED,INE205C01021
POLYCAB,INE455K01017
POLYPLEX,INE633B01018
POCL,INE063E01053
PONNIERODE,INE838E01017
POONAWALLA,INE511C01022
PVSL,INE772T01024
PFC,INE134E01011
POWERGRID,INE752E01010
POWERMECH,INE211R01019
PPAP,INE095I01015
PRABHA,INE0I0M01023
PRAJIND,INE074A01025
PRAKASH,INE603A01013
PPL,INE050001010
DIAMONDYD,INE393P01035
PRECAM,INE484I01029
PRECWIRE,INE372C01037
PREMIERENE,INE0BS701011
PREMEXPLN,INE863B01029
PRESTIGE,INE811K01011
PRICOLLTD,INE726V01018
PFOCUS,INE367G01038
PRIMESECU,INE032B01021
PRINCEPIPE,INE689W01016
PRSMJOHNSN,INE010A01011
PRIVISCL,INE959A01019
PGHL,INE199A01012
PGHH,INE179A01014
PROTEAN,INE004A01022
PRUDENT,INE00F201020
PSPPROJECT,INE488V01015
PTC,INE877F01012
PTCIL,INE596F01018
PUNJABCHEM,INE277B01014
PNB,INE160A01022
PURVA,INE323I01011
PVRINOX,INE191H01014
PYRAMID,INE0MIS01010
QUADFUTURE,INE0LRY01011
QPOWER,INE0SII01026
QUESS,INE615P01015
QUICKHEAL,INE306L01010
RKSWAMY,INE0NQ801033
RRKABEL,INE777K01022
RSYSTEMS,INE411H01032
RACE,INE084Q01012
RACLGEAR,INE704B01017
RADICO,INE944F01028
RPEL,INE912T01018
RVNL,INE415G01027
RAILTEL,INE0DD101019
RAIN,INE855B01025
RAINBOW,INE961O01016
RAJRATAN,INE451D01029
RALLIS,INE613A01020
RAMRAT,INE207E01023
RAMCOIND,INE614A01028
RAMCOSYS,INE246B01019
RKFORGE,INE399G01023
RAMKY,INE874I01013
RML,INE050H01012
RANEHOLDIN,INE384A01010
RPTECH,INE0J1F01024
RCF,INE027A01015
RATEGAIN,INE0CLI01024
RATNAMANI,INE703B01027
RATNAVEER,INE05CZ01011
RELTD,INE206N01018
RAYMONDLSL,INE02ID01020
RAYMOND,INE301A01014
RBLBANK,INE976G01028
RECLTD,INE020B01018
REDINGTON,INE891D01026
REDTAPE,INE0LXT01019
REFEX,INE056I01025
RELAXO,INE131B01039
RELCHEMQ,INE750D01016
RIIL,INE046A01015
RELIANCE,INE002A01018
RELIGARE,INE621H01010
REMSONSIND,INE474C01023
RGL,INE722H01024
REPCOHOME,INE612J01015
REPRO,INE461B01014
RESPONIND,INE688D01026
RHIM,INE743M01012
RISHABH,INE0N2P01017
RITCO,INE01EG01016
RITES,INE320J01015
RHL,INE508K01013
ROLEXRINGS,INE645S01024
ROSSARI,INE02A801020
ROTO,INE535D01037
ROUTE,INE450U01017
ROHLTD,INE283H01019
RPGLIFE,INE105J01010
RPSGVENT,INE425Y01011
RSWM,INE611A01016
RUBYMILLS,INE301D01026
RUCHIRA,INE803H01014
RUPA,INE895B01021
SCHAND,INE807K01035
SHK,INE500L01026
SJS,INE284S01014
SPAL,INE212I01016
SAFARI,INE429E01023
SAGCEM,INE229C01021
SAHYADRI,INE280H01015
SAILIFE,INE570L01029
KALAMANDIR,INE438K01021
SAKSOFT,INE667G01023
SALONA,INE498E01010
SALZERELEC,INE457F01013
SAMHI,INE08U801020
SAMMAANCAP,INE148I01020
MOTHERSON,INE775A01035
SANATHAN,INE0JPD01013
SANDESH,INE583B01015
SANDHAR,INE278H01035
SANDUMA,INE149K01016
SANGAMIND,INE495C01010
SANGHVIMOV,INE989A01032
SANOFICONR,INE0UOS01011
SANOFI,INE058A01010
SANSERA,INE953O01021
SAPPHIRE,INE806T01020
SSDL,INE0PQ101010
SARDAEN,INE385C01021
SAREGAMA,INE979A01025
SMLT,INE017W01010
SASKEN,INE231F01020
SASTASUNDR,INE019J01013
SATIN,INE836B01017
SOTL,INE035D01020
SBFC,INE423Y01016
SBICARD,INE018E01016
SBILIFE,INE123W01016
SCHAEFFLER,INE513A01022
SCHNEIDER,INE839M01018
SEAMECLTD,INE497B01018
SENCO,INE602W01027
SENORES,INE0RB801010
VIYASH,INE807F01027
SESHAPAPER,INE630A01024
SHAILY,INE151G01028
SHAKTIPUMP,INE908D01010
SHALBY,INE597J01018
SHANKARA,INE274V01019
SHANTIGEAR,INE631A01022
SHARDACROP,INE221J01015
SHARDAMOTR,INE597I01028
SHAREINDIA,INE932X01026
SFL,INE916U01025
SCPL,INE501Y01019
SHILPAMED,INE790G01031
SCI,INE109A01011
SHIVATEX,INE705C01020
SBCL,INE386D01027
SHIVALIK,INE788J01021
SHOPERSTOP,INE498B01024
SHREECEM,INE070A01015
SHREEPUSHK,INE712K01011
SHREYANIND,INE231C01019
SHRIRAMFIN,INE721A01047
SHRIPISTON,INE526E01018
SHYAMMETL,INE810G01011
SIEMENS,INE003A01024
SIGNATURE,INE903U01023
SIGNPOST,INE0KGZ01021
SILINV,INE923A01015
SILVERTUC,INE625X01018
SIMPLEXINF,INE059B01024
SIRCA,INE792Z01011
SIS,INE285J01028
SIYSIL,INE076B01028
SJVN,INE002L01015
SKFINDIA,INE640A01023
SKIPPER,INE439E01022
SKMEGGPROD,INE411D01023
SKYGOLD,INE01IU01018
SMARTLINK,INE178C01020
SMCGLOBAL,INE103C01036
SMSPHARMA,INE812G01025
SOBHA,INE671H01015
SOFTTECH,INE728Z01015
SOLARINDS,INE343H01029
SOLARA,INE624Z01016
SDBL,INE480C01038
SOMANYCERA,INE355A01028
SOMICONVEY,INE323J01019
SONACOMS,INE073K01018
SONATSOFTW,INE269A01021
SPANDANA,INE572J01011
SPECIALITY,INE247M01014
SPECTRUM,INE01EO01010
SPMLINFRA,INE937A01023
SPORTKING,INE885H01029
SRHHYPOLTD,INE917H01012
SREEL,INE099F01013
SRF,INE647A01010
SRGHFL,INE559N01010
SRM,INE0R6Z01013
STANLEY,INE01A001028
STARCEMENT,INE460H01021
STARHEALTH,INE575P01011
STARPAPER,INE733A01018
STARTECK,INE992I01013
SBIN,INE062A01020
STCINDIA,INE655A01013
SAIL,INE114A01011
SSWL,INE802C01033
STEELCAS,INE124E01038
SWSOLAR,INE00M201021
STERTOOLS,INE334A01023
STOVEKRAFT,INE00IN01015
STAR,INE939A01011
STYLAMIND,INE239C01020
STYRENIX,INE189B01011
SUBROS,INE287B01021
SUDARSCHEM,INE659A01023
SUKHJITS,INE450E01029
SULA,INE142Q01026
SUMICHEM,INE258G01013
SUMMITSEC,INE519C01017
SPARC,INE232I01014
SUNPHARMA,INE044A01036
SUNTV,INE424H01027
SUNDRMBRAK,INE073D01013
SUNDARMFIN,INE660A01013
SUNCLAY,INE0Q3R01026
SUNDRMFAST,INE387A01021
SUNDROP,INE209A01019
SUNFLAG,INE947A01014
SUNTECK,INE805D01034
SUPERHOUSE,INE712B01010
SUPRAJIT,INE399C01030
SUPREMEIND,INE195A01028
SPLPETRO,INE663A01033
SUPRIYA,INE07RO01027
SURAJEST,INE843S01025
SURAJLTD,INE713C01016
SURAKSHA,INE877V01027
SURYAROSNI,INE335A01020
SURYODAY,INE428Q01011
SUVEN,INE495B01038
SWARAJENG,INE277A01016
SWIGGY,INE00H001014
SYMPHONY,INE225D01027
SGIL,INE00QT01015
SYNGENE,INE398R01022
SYRMA,INE0DYJ01015
TAINWALCHM,INE123C01018
TAJGVK,INE586B01026
TALBROAUTO,INE187D01029
TNPL,INE107A01015
TMB,INE668A01016
TANLA,INE483C01032
TARC,INE0EK901012
TARSONS,INE144Z01023
TASTYBITE,INE488B01017
TATACHEM,INE092A01019
TATACOMM,INE151A01013
TCS,INE467B01029
TATACONSUM,INE192A01025
TATAELXSI,INE670A01012
TATAINVEST,INE672A01026
TMCV,INE628D01016
TMPV,INE837D01016
TATAPOWER,INE245A01021
TATASTEEL,INE081A01020
TATATECH,INE142M01025
TATVA,INE0GK401011
TBOTEK,INE673O01025
TCIEXP,INE586V01016
TCPLPACK,INE822C01015
TDPOWERSYS,INE419M01027
TEAMLEASE,INE985S01024
TECHM,INE669C01036
TECHNOE,INE285K01026
TIIL,INE545H01011
TEGA,INE011K01018
TEJASNET,INE010J01012
TEXINFRA,INE435C01024
TEXRAIL,INE621L01012
THANGAMAYL,INE085J01014
ANUP,INE294Z01018
THEINVEST,INE924D01017
NIACL,INE470Y01017
PHOENIXLTD,INE211B01039
RAMCOCEM,INE331A01037
THEMISMED,INE083B01024
THERMAX,INE152A01029
TIRUMALCHM,INE338A01024
THOMASCOOK,INE332A01027
THOMASCOTT,INE480M01011
THYROCARE,INE594H01019
TIL,INE806C01018
TI,INE133E01013
TIMETECHNO,INE508G01029
TIMKEN,INE325A01013
TINNARUBR,INE015C01016
TIPSFILMS,INE0LQS01015
TIPSMUSIC,INE716B01029
TITAGARH,INE615H01020
TITAN,INE280A01028
TOKYOPLAST,INE932C01012
TOLINS,INE0RWQ01014
TORNTPHARM,INE685A01028
TORNTPOWER,INE813H01021
TFCILTD,INE305A01023
TARIL,INE763I01026
TCI,INE688A01022
TRANSRAILL,INE454P01035
TRANSWORLD,INE757B01015
TREJHARA,INE00CA01015
TRENT,INE849A01020
TRF,INE391D01019
TBZ,INE760L01018
TRIVENI,INE256C01024
TRITURBINE,INE152M01016
TTKHLTCARE,INE910C01018
TTKPRESTIG,INE690A01028
TIINDIA,INE974X01010
TVTODAY,INE038F01029
TVSELECT,INE236G01019
TVSHLTD,INE105A01035
TVSMOTOR,INE494B01023
TVSSRICHAK,INE421C01016
TVSSCS,INE395N01027
UCAL,INE139B01016
UFLEX,INE516A01017
UGROCAP,INE583D01011
ULTRACEMCO,INE481G01011
UNICHEMLAB,INE351A01035
UNIECOM,INE00U401027
UNIMECH,INE0U3I01011
UNIONBANK,INE692A01016
UNIPARTS,INE244O01017
UNIENTER,INE037A01022
UBL,INE686F01025
UNIDT,INE961D01019
UNITDSPR,INE854D01024
UNIVCABLES,INE279A01012
UNIVPHOTO,INE03V001013
UNOMINDA,INE405E01023
UDS,INE851I01011
UPL,INE628A01036
USHAMART,INE228A01035
UTIAMC,INE094J01016
UTTAMSUGAR,INE786F01031
VGUARD,INE951I01027
VMART,INE665J01013
WABAG,INE956G01038
VADILALIND,INE694D01016
VAIBHAVGBL,INE884A01027
VALIANTORG,INE565V01010
DBREALTY,INE879I01012
VHL,INE701A01023
VSSL,INE050M01012
VTL,INE825A01020
VARROC,INE665L01035
VBL,INE200M01039
MANYAVAR,INE825V01034
VEDL,INE205A01025
VEEDOL,INE484C01030
VENKEYS,INE398A01010
VENTIVE,INE781S01027
VENUSPIPES,INE0JA001018
VERANDA,INE0IQ001011
VESUVIUS,INE386A01023
VETO,INE918N01018
VSTL,INE0QTF01015
VIDHIING,INE632C01026
VIJAYA,INE043W01024
VIMTALABS,INE579C01029
VINATIORGA,INE410B01037
VINDHYATEL,INE707A01012
VINCOFE,INE498Q01014
VIPIND,INE054A01027
VMM,INE01EA01019
VISHNU,INE270I01022
VPRPL,INE0AE001013
VLSFINANCE,INE709A01018
VOLTAMP,INE540H01012
VOLTAS,INE226A01021
VRAJ,INE0S2V01010
VRLLOG,INE366I01010
VSTIND,INE710A01016
VSTTILLERS,INE764D01017
WAAREEENER,INE377N01017
WAAREERTL,INE299N01021
WALCHANNAG,INE711A01022
WEBELSOLAR,INE855C01023
WEIZMANIND,INE080A01014
WELCORP,INE191B01025
WELENT,INE625G01013
WELSPUNLIV,INE192B01031
WENDT,INE274C01019
WSTCSTPAPR,INE976A01021
WCIL,INE0CJF01024
WESTLIFE,INE274F01020
WHEELS,INE715A01015
WHIRLPOOL,INE716A01013
WINDLAS,INE0H5O01029
WINDMACHIN,INE052A01021
WIPRO,INE075A01022
WOCKPHARMA,INE049B01025
WEL,INE02WG01024
WONDERLA,INE066O01014
XPROINDIA,INE445C01015
YASHO,INE616Z01012
YATHARTH,INE0JO301016
YUKEN,INE384C01016
ZAGGLE,INE07K301024
ZEEL,INE256A01028
ZENTEC,INE251B01027
ZENSARTECH,INE520A01027
ZFCVINDIA,INE342J01019
BLACKBUCK,INE0UIZ01018
ZODIACLOTH,INE206B01013
ZODIAC,INE761Y01019
ZUARI,INE840M01016
ZUARIIND,INE217A01012
ZYDUSLIFE,INE010B01027
ZYDUSWELL,INE768C01028
ELLEN,INE236E01022
SAMBHV,INE12NJ01018
IGCL,INE05J901018
HDBFS,INE756I01012
GLOBECIVIL,INE0V3U01015
STALLION,INE0RYC01010
BORANA,INE16SF01016
BELRISE,INE894V01022
THELEELA,INE0AQ201015
PROSTARM,INE0BX301013
SCODATUBES,INE090501011
OSWALPUMPS,INE0BYP01024
ARISINFRA,INE0H9P01028
CRIZAC,INE0S4R01014
TRAVELFOOD,INE103V01028
ARISINFRA,INE0H9P01028
ANTHEM,INE0CZ201020
EBGNG,INE18JU01028
INDIQUBE,INE06ST01018
BRIGHOTEL,INE03NU01014
SHANTIGOLD,INE06ZD01017
CPPLUS,INE819V01029
LAXMIINDIA,INE06WU01026
MBEL,INE08N601015
LOTUSDEV,INE0V9Q01010
BOM:544467,
HILINFRA,INE00RL01028
ALLTIME,INE0GV601021
JSWCEMENT,INE718I01012
BLUESTONE,INE304W01038
REGAAL,INE0MHO01029
GEMAROMA,INE06XZ01023
VIKRAMSOLR,INE078V01014
PATELRMART,INE0R8B01010
SHREEJISPG,INE1B6101010
MEIL,INE0PKD01011
AHCL,INE0Y8W01017
VIKRAN,INE01R501028
AMANTA,INE084K01015
CANHLIFE,INE01TY01017
CRAMC,INE218I01013
RUBICON,INE506V01022
MONEYBOXX,INE296Q01012
LGEINDIA,INE324D01010
MARKOLINES,INE0FW001016
TATACAP,INE976I01016
WEWORK,INE085001019
SOLEX,INE880Y01017
GLOTTIS,INE0TQE01026
PACEDIGITK,INE0S3G01027
SYSTMTXC,INE356B01024
JKIPL,INE1FF001016
TRUALT,INE0MWH01014
BMWVENTLTD,INE965W01036
EPACKPEB,INE0MLS01022
FINKURVE,INE734I01027
JAINREC,INE0YD401026
ARSSBL,INE549H01021
JARO,INE00YJ01010
SOLARWORLD,INE0TY101024
STYL,INE04VU01023
ATLANTAELE,INE0Z4F01028
GANESHCP,INE652V01016
GKENERGY,INE1AG301022
RHETAN,INE0KKN01029
SAATVIKGL,INE13B501022
IVALUE,INE056801025
ABCOTS,INE08PH01015
VMSTMT,INE0SJA01013
EUROPRATIK,INE198501012
MWL,INE0JYY01011
TIGERLOGS,INE906O01029
DEVX,INE0VOV01021
SHRINGARMS,INE1B3L01017
URBANCO,INE0CAZ01013
SGMART,INE385F01024
MIDWESTLTD,INE0XAD01024
ORKLAINDIA,INE16NZ01023
VIDYAWIRES,INE14UN01029
AEQUS,INE947N01017
MEESHO,INE0VDM01015
SUDEEPPHRM,INE0QPI01025
EXCELSOFT,INE606N01019
CAPILLARY,INE0ILV01024
UTLSOLAR,INE12UR01024
TENNIND,INE19RI01016
EMMVEE,INE1C6T01020
PWL,INE0LP301011
PINELABS,INE15B701018
GROWW,INE0HOQ01053
LENSKART,INE956O01016
STUDDS,INE00Q601028
CORONA,INE02ZQ01018
WAKEFIT,INE0E7301029
PARKHOSPS,INE119201023
NEPHROPLUS,INE428V01029
ICICIAMC,INE346A01027
KSHINTL,INE987S01020
GKSL,INE0V0W01025
